[
   {
      "model":"contenttypes.contenttype",
      "pk":1,
      "fields":{
         "app_label":"admin",
         "model":"logentry"
      }
   },
   {
      "model":"contenttypes.contenttype",
      "pk":2,
      "fields":{
         "app_label":"auth",
         "model":"permission"
      }
   },
   {
      "model":"contenttypes.contenttype",
      "pk":3,
      "fields":{
         "app_label":"auth",
         "model":"group"
      }
   },
   {
      "model":"contenttypes.contenttype",
      "pk":4,
      "fields":{
         "app_label":"contenttypes",
         "model":"contenttype"
      }
   },
   {
      "model":"contenttypes.contenttype",
      "pk":5,
      "fields":{
         "app_label":"sessions",
         "model":"session"
      }
   },
   {
      "model":"contenttypes.contenttype",
      "pk":6,
      "fields":{
         "app_label":"authtoken",
         "model":"token"
      }
   },
   {
      "model":"contenttypes.contenttype",
      "pk":7,
      "fields":{
         "app_label":"gql",
         "model":"user"
      }
   },
   {
      "model":"contenttypes.contenttype",
      "pk":8,
      "fields":{
         "app_label":"gql",
         "model":"country"
      }
   },
   {
      "model":"contenttypes.contenttype",
      "pk":9,
      "fields":{
         "app_label":"gql",
         "model":"curatedagreement"
      }
   },
   {
      "model":"contenttypes.contenttype",
      "pk":10,
      "fields":{
         "app_label":"gql",
         "model":"servicetype"
      }
   },
   {
      "model":"contenttypes.contenttype",
      "pk":11,
      "fields":{
         "app_label":"gql",
         "model":"service"
      }
   },
   {
      "model":"contenttypes.contenttype",
      "pk":12,
      "fields":{
         "app_label":"gql",
         "model":"pricestructure"
      }
   },
   {
      "model":"contenttypes.contenttype",
      "pk":13,
      "fields":{
         "app_label":"gql",
         "model":"eventtype"
      }
   },
   {
      "model":"contenttypes.contenttype",
      "pk":14,
      "fields":{
         "app_label":"gql",
         "model":"event"
      }
   },
   {
      "model":"contenttypes.contenttype",
      "pk":15,
      "fields":{
         "app_label":"gql",
         "model":"curatedevent"
      }
   },
   {
      "model":"contenttypes.contenttype",
      "pk":16,
      "fields":{
         "app_label":"gql",
         "model":"agreement"
      }
   },
   {
      "model":"contenttypes.contenttype",
      "pk":17,
      "fields":{
         "app_label":"gql",
         "model":"provider"
      }
   },
   {
      "model":"contenttypes.contenttype",
      "pk":18,
      "fields":{
         "app_label":"gql",
         "model":"serviceimage"
      }
   },
   {
      "model":"contenttypes.contenttype",
      "pk":19,
      "fields":{
         "app_label":"gql",
         "model":"curatedeventimage"
      }
   },
   {
      "model":"sessions.session",
      "pk":"2eh0tmuqfan992w3pgqx4nql2auhe3b9",
      "fields":{
         "session_data":"OGJhNjdhODcyOTAxYzJjNzg1N2VmMDM3ZGE1YWUyY2E2ODdhMDRhYTp7Il9hdXRoX3VzZXJfaWQiOiIxIiwiX2F1dGhfdXNlcl9iYWNrZW5kIjoiZ3FsLm92ZXJyaWRlcy5hdXRoLkZpcmViYXNlQXV0aEJhY2tlbmQiLCJfYXV0aF91c2VyX2hhc2giOiJiYTI4MjY2NWZlMTU2OTJmMWMzYWQ5ZGE3ZjkyZTBlNWY5MDA0OWNmIn0=",
         "expire_date":"2019-11-06T15:48:15.407Z"
      }
   },
   {
      "model":"sessions.session",
      "pk":"6ve311hsqqhprm3ozhgyibdb08naun8v",
      "fields":{
         "session_data":"NDA0OWQ1N2Q2OGJmNTVhYmQ3MjBiZmE1NThmNzI1ODFkYzI4ZGVkYzp7Il9hdXRoX3VzZXJfaWQiOiIxIiwiX2F1dGhfdXNlcl9iYWNrZW5kIjoiZ3FsLm92ZXJyaWRlcy5hdXRoLkZpcmViYXNlQXV0aEJhY2tlbmQiLCJfYXV0aF91c2VyX2hhc2giOiI3MTY5NzU0OGNhYTg3ZGI0MTYzMWNjY2YzMGNjZTY5Yjc1ZTc1YjZlIn0=",
         "expire_date":"2019-11-09T00:51:57.404Z"
      }
   },
   {
      "model":"sessions.session",
      "pk":"9kg2x00f06o8168bwoeqrtwyxnlhs8fn",
      "fields":{
         "session_data":"NDA0OWQ1N2Q2OGJmNTVhYmQ3MjBiZmE1NThmNzI1ODFkYzI4ZGVkYzp7Il9hdXRoX3VzZXJfaWQiOiIxIiwiX2F1dGhfdXNlcl9iYWNrZW5kIjoiZ3FsLm92ZXJyaWRlcy5hdXRoLkZpcmViYXNlQXV0aEJhY2tlbmQiLCJfYXV0aF91c2VyX2hhc2giOiI3MTY5NzU0OGNhYTg3ZGI0MTYzMWNjY2YzMGNjZTY5Yjc1ZTc1YjZlIn0=",
         "expire_date":"2019-11-09T00:57:31.137Z"
      }
   },
   {
      "model":"sessions.session",
      "pk":"ctnem21nnde4ar7bm8bjculyri1vgyoe",
      "fields":{
         "session_data":"OGJhNjdhODcyOTAxYzJjNzg1N2VmMDM3ZGE1YWUyY2E2ODdhMDRhYTp7Il9hdXRoX3VzZXJfaWQiOiIxIiwiX2F1dGhfdXNlcl9iYWNrZW5kIjoiZ3FsLm92ZXJyaWRlcy5hdXRoLkZpcmViYXNlQXV0aEJhY2tlbmQiLCJfYXV0aF91c2VyX2hhc2giOiJiYTI4MjY2NWZlMTU2OTJmMWMzYWQ5ZGE3ZjkyZTBlNWY5MDA0OWNmIn0=",
         "expire_date":"2019-11-08T13:15:15.283Z"
      }
   },
   {
      "model":"sessions.session",
      "pk":"kb17ch48z8uj7mw9bnp1yal1qvbi380j",
      "fields":{
         "session_data":"OGJhNjdhODcyOTAxYzJjNzg1N2VmMDM3ZGE1YWUyY2E2ODdhMDRhYTp7Il9hdXRoX3VzZXJfaWQiOiIxIiwiX2F1dGhfdXNlcl9iYWNrZW5kIjoiZ3FsLm92ZXJyaWRlcy5hdXRoLkZpcmViYXNlQXV0aEJhY2tlbmQiLCJfYXV0aF91c2VyX2hhc2giOiJiYTI4MjY2NWZlMTU2OTJmMWMzYWQ5ZGE3ZjkyZTBlNWY5MDA0OWNmIn0=",
         "expire_date":"2019-11-07T13:00:31.404Z"
      }
   },
   {
      "model":"sessions.session",
      "pk":"st7dxfbk2v3fvbh1ouhh7n435ket97k9",
      "fields":{
         "session_data":"OGJhNjdhODcyOTAxYzJjNzg1N2VmMDM3ZGE1YWUyY2E2ODdhMDRhYTp7Il9hdXRoX3VzZXJfaWQiOiIxIiwiX2F1dGhfdXNlcl9iYWNrZW5kIjoiZ3FsLm92ZXJyaWRlcy5hdXRoLkZpcmViYXNlQXV0aEJhY2tlbmQiLCJfYXV0aF91c2VyX2hhc2giOiJiYTI4MjY2NWZlMTU2OTJmMWMzYWQ5ZGE3ZjkyZTBlNWY5MDA0OWNmIn0=",
         "expire_date":"2019-11-07T00:32:37.772Z"
      }
   },
   {
      "model":"sessions.session",
      "pk":"v38c0dffmai4q4lz5992mfrvqjd90rhm",
      "fields":{
         "session_data":"OGJhNjdhODcyOTAxYzJjNzg1N2VmMDM3ZGE1YWUyY2E2ODdhMDRhYTp7Il9hdXRoX3VzZXJfaWQiOiIxIiwiX2F1dGhfdXNlcl9iYWNrZW5kIjoiZ3FsLm92ZXJyaWRlcy5hdXRoLkZpcmViYXNlQXV0aEJhY2tlbmQiLCJfYXV0aF91c2VyX2hhc2giOiJiYTI4MjY2NWZlMTU2OTJmMWMzYWQ5ZGE3ZjkyZTBlNWY5MDA0OWNmIn0=",
         "expire_date":"2019-11-06T15:55:16.501Z"
      }
   },
   {
      "model":"gql.provider",
      "pk":1,
      "fields":{
         "name":"GetOut! Events",
         "email":"platyunyu@gmail.com"
      }
   },
   {
      "model":"gql.provider",
      "pk":2,
      "fields":{
         "name":"Scape",
         "email":"scape@gmail.com"
      }
   },
   {
      "model":"gql.provider",
      "pk":3,
      "fields":{
         "name":"Grain Catering",
         "email":"grain_catering@gmail.com"
      }
   },
   {
      "model":"gql.provider",
      "pk":4,
      "fields":{
         "name":"Hup Chung",
         "email":"hup_chung@gmail.com"
      }
   },
   {
      "model":"gql.provider",
      "pk":5,
      "fields":{
         "name":"Sonic Prints",
         "email":"sonic_prints@gmail.com"
      }
   },
   {
      "model":"gql.provider",
      "pk":6,
      "fields":{
         "name":"De Souu Republic",
         "email":"de_souu_republic@gmail.com"
      }
   },
   {
      "model":"gql.provider",
      "pk":7,
      "fields":{
         "name":"Get Out! Events",
         "email":"fs@getout.events"
      }
   },
   {
      "model":"gql.provider",
      "pk":8,
      "fields":{
         "name":"Stylist Journey",
         "email":"stylist_journey@gmail.com"
      }
   },
   {
      "model":"gql.servicetype",
      "pk":1,
      "fields":{
         "name":"Transport",
         "is_active":true
      }
   },
   {
      "model":"gql.servicetype",
      "pk":2,
      "fields":{
         "name":"Logistics",
         "is_active":true
      }
   },
   {
      "model":"gql.servicetype",
      "pk":3,
      "fields":{
         "name":"Venue",
         "is_active":true
      }
   },
   {
      "model":"gql.servicetype",
      "pk":4,
      "fields":{
         "name":"Talent & Artist",
         "is_active":true
      }
   },
   {
      "model":"gql.servicetype",
      "pk":5,
      "fields":{
         "name":"Stage Entertainment",
         "is_active":true
      }
   },
   {
      "model":"gql.servicetype",
      "pk":6,
      "fields":{
         "name":"Photographer",
         "is_active":true
      }
   },
   {
      "model":"gql.servicetype",
      "pk":7,
      "fields":{
         "name":"Lighting",
         "is_active":true
      }
   },
   {
      "model":"gql.servicetype",
      "pk":8,
      "fields":{
         "name":"Human Capital",
         "is_active":true
      }
   },
   {
      "model":"gql.servicetype",
      "pk":9,
      "fields":{
         "name":"Gifts & Prizes",
         "is_active":true
      }
   },
   {
      "model":"gql.servicetype",
      "pk":10,
      "fields":{
         "name":"Games and Activities",
         "is_active":true
      }
   },
   {
      "model":"gql.servicetype",
      "pk":11,
      "fields":{
         "name":"Food and Beverages",
         "is_active":true
      }
   },
   {
      "model":"gql.servicetype",
      "pk":12,
      "fields":{
         "name":"DJ",
         "is_active":true
      }
   },
   {
      "model":"gql.servicetype",
      "pk":13,
      "fields":{
         "name":"Decoration",
         "is_active":true
      }
   },
   {
      "model":"gql.servicetype",
      "pk":14,
      "fields":{
         "name":"EMCEE",
         "is_active":true
      }
   },
   {
      "model":"gql.servicetype",
      "pk":15,
      "fields":{
         "name":"Professional Services",
         "is_active":true
      }
   },
   {
      "model":"gql.servicetype",
      "pk":19,
      "fields":{
         "name":"Health and Safety",
         "is_active":true
      }
   },
   {
      "model":"gql.servicetype",
      "pk":20,
      "fields":{
         "name":"Musicians",
         "is_active":true
      }
   },
   {
      "model":"gql.servicetype",
      "pk":21,
      "fields":{
         "name":"Crowd Control",
         "is_active":true
      }
   },
   {
      "model":"gql.country",
      "pk":"id",
      "fields":{
         "name":"Indonesia"
      }
   },
   {
      "model":"gql.country",
      "pk":"my",
      "fields":{
         "name":"Malaysia"
      }
   },
   {
      "model":"gql.country",
      "pk":"sg",
      "fields":{
         "name":"Singapore"
      }
   },
   {
      "model":"gql.service",
      "pk":1,
      "fields":{
         "type":14,
         "country_code":"sg",
         "provider":1,
         "name":"Sylvia Tham",
         "description":"Sylvia began hosting events close to 20 years ago. She is effectively bilingual in English and Mandarin.",
         "unit":"hour",
         "min_quantity":50,
         "max_quantity":null,
         "cost":"1000.00",
         "markup":30.0,
         "tax":7.0
      }
   },
   {
      "model":"gql.service",
      "pk":2,
      "fields":{
         "type":14,
         "country_code":"sg",
         "provider":1,
         "name":"Wayne Chan",
         "description":"With his experience as a Broadcast Presenter with Channel NewsAsia and 93.8 Live, coupled with his expertise as a PR Practitioner and Events Manager, Wayne Chan is an ideal choice to host your event.",
         "unit":"hour",
         "min_quantity":50,
         "max_quantity":null,
         "cost":"1000.00",
         "markup":30.0,
         "tax":7.0
      }
   },
   {
      "model":"gql.service",
      "pk":3,
      "fields":{
         "type":12,
         "country_code":"sg",
         "provider":1,
         "name":"DJ Jade Rasif",
         "description":"Jade is best known for playing Sheila Oh on Tanglin, from seasons 1 to 3, and for placing first runner-up in New Paper New Face 2013. Jade Rasif has performed in Singapore, Thailand, and Malaysia.",
         "unit":"hour",
         "min_quantity":50,
         "max_quantity":null,
         "cost":"1000.00",
         "markup":50.0,
         "tax":7.0
      }
   },
   {
      "model":"gql.service",
      "pk":4,
      "fields":{
         "type":4,
         "country_code":"sg",
         "provider":1,
         "name":"TOM DeVOE",
         "description":"On stage or close-up, Tom DeVoe will read your guests minds, predict and control their thoughts \u2013 in a show seen around the world and on the biggest TV and media in Asia. Hired by companies from HSBC and Netflix, Tom DeVoe will amaze all!",
         "unit":"hour",
         "min_quantity":50,
         "max_quantity":null,
         "cost":"1000.00",
         "markup":50.0,
         "tax":7.0
      }
   },
   {
      "model":"gql.service",
      "pk":5,
      "fields":{
         "type":4,
         "country_code":"sg",
         "provider":1,
         "name":"Lady Aga Aga",
         "description":"A household name with her portrayal of loud-mouthed shrews and uncouth \u201cAh Lians\u201d on Comedy Nite. Former MediaCorp celebrity, Patricia Mok is back to tickle your audience with her rip-roaring, hilarious brand of comedy in a brand new half-hour showtime!",
         "unit":"hour",
         "min_quantity":50,
         "max_quantity":null,
         "cost":"1000.00",
         "markup":51.0,
         "tax":7.0
      }
   },
   {
      "model":"gql.service",
      "pk":6,
      "fields":{
         "type":3,
         "country_code":"sg",
         "provider":1,
         "name":"Resorts World Sentosa",
         "description":"Infinite possibilities await you at the award winning Resorts World Sentosa. The sprawling resort offers innovative and versatile venues for intimate or large events, and the meeting spaces are complemented by luxury hotels.",
         "unit":"hour",
         "min_quantity":50,
         "max_quantity":null,
         "cost":"1000.00",
         "markup":30.0,
         "tax":17.0
      }
   },
   {
      "model":"gql.service",
      "pk":7,
      "fields":{
         "type":3,
         "country_code":"sg",
         "provider":1,
         "name":"Marina Bay Sands",
         "description":"As Asia\u2019s leading destination for business, leisure and entertainment, Marina Bay Sands is home to multiple unique and vibrant attractions and a creator of world-class experiences for our guests.",
         "unit":"hour",
         "min_quantity":50,
         "max_quantity":null,
         "cost":"1000.00",
         "markup":30.0,
         "tax":17.0
      }
   },
   {
      "model":"gql.service",
      "pk":8,
      "fields":{
         "type":10,
         "country_code":"sg",
         "provider":1,
         "name":"Face Painting",
         "description":"",
         "unit":"pax",
         "min_quantity":50,
         "max_quantity":null,
         "cost":"1000.00",
         "markup":50.0,
         "tax":7.0
      }
   },
   {
      "model":"gql.service",
      "pk":9,
      "fields":{
         "type":2,
         "country_code":"sg",
         "provider":1,
         "name":"Grain",
         "description":"",
         "unit":"pax",
         "min_quantity":50,
         "max_quantity":null,
         "cost":"1000.00",
         "markup":0.39,
         "tax":0.07
      }
   },
   {
      "model":"gql.service",
      "pk":10,
      "fields":{
         "type":2,
         "country_code":"sg",
         "provider":1,
         "name":"Shiok! Kitchen Catering",
         "description":"",
         "unit":"pax",
         "min_quantity":50,
         "max_quantity":null,
         "cost":"1000.00",
         "markup":0.44,
         "tax":0.07
      }
   },
   {
      "model":"gql.service",
      "pk":11,
      "fields":{
         "type":2,
         "country_code":"sg",
         "provider":1,
         "name":"Lush platters",
         "description":"",
         "unit":"pax",
         "min_quantity":50,
         "max_quantity":null,
         "cost":"1000.00",
         "markup":0.43,
         "tax":0.08
      }
   },
   {
      "model":"gql.service",
      "pk":12,
      "fields":{
         "type":2,
         "country_code":"sg",
         "provider":1,
         "name":"Orange Clove",
         "description":"",
         "unit":"pax",
         "min_quantity":50,
         "max_quantity":null,
         "cost":"1000.00",
         "markup":0.29,
         "tax":0.08
      }
   },
   {
      "model":"gql.service",
      "pk":13,
      "fields":{
         "type":2,
         "country_code":"sg",
         "provider":1,
         "name":"Deli Hub Catering",
         "description":"",
         "unit":"pax",
         "min_quantity":50,
         "max_quantity":null,
         "cost":"1000.00",
         "markup":0.44,
         "tax":0.16
      }
   },
   {
      "model":"gql.service",
      "pk":14,
      "fields":{
         "type":2,
         "country_code":"sg",
         "provider":1,
         "name":"Purple Sage",
         "description":"",
         "unit":"pax",
         "min_quantity":50,
         "max_quantity":null,
         "cost":"1000.00",
         "markup":0.25,
         "tax":0.07
      }
   },
   {
      "model":"gql.service",
      "pk":15,
      "fields":{
         "type":2,
         "country_code":"sg",
         "provider":1,
         "name":"Neo Garden Catering",
         "description":"",
         "unit":"pax",
         "min_quantity":50,
         "max_quantity":null,
         "cost":"1000.00",
         "markup":0.21,
         "tax":0.09
      }
   },
   {
      "model":"gql.service",
      "pk":16,
      "fields":{
         "type":2,
         "country_code":"sg",
         "provider":1,
         "name":"Mum's Kitchen",
         "description":"",
         "unit":"pax",
         "min_quantity":50,
         "max_quantity":null,
         "cost":"1000.00",
         "markup":0.3,
         "tax":0.07
      }
   },
   {
      "model":"gql.service",
      "pk":17,
      "fields":{
         "type":2,
         "country_code":"sg",
         "provider":1,
         "name":"Rasel Catering",
         "description":"",
         "unit":"pax",
         "min_quantity":50,
         "max_quantity":null,
         "cost":"1000.00",
         "markup":0.2,
         "tax":0.13
      }
   },
   {
      "model":"gql.service",
      "pk":18,
      "fields":{
         "type":1,
         "country_code":"sg",
         "provider":1,
         "name":"Hin Hup Transport",
         "description":"",
         "unit":"pax",
         "min_quantity":50,
         "max_quantity":null,
         "cost":"1000.00",
         "markup":0.33,
         "tax":0.09
      }
   },
   {
      "model":"gql.service",
      "pk":19,
      "fields":{
         "type":1,
         "country_code":"sg",
         "provider":1,
         "name":"Koh Bus",
         "description":"",
         "unit":"pax",
         "min_quantity":50,
         "max_quantity":null,
         "cost":"1000.00",
         "markup":0.38,
         "tax":0.18
      }
   },
   {
      "model":"gql.service",
      "pk":20,
      "fields":{
         "type":1,
         "country_code":"sg",
         "provider":1,
         "name":"Ans Transit",
         "description":"",
         "unit":"pax",
         "min_quantity":50,
         "max_quantity":null,
         "cost":"1000.00",
         "markup":0.26,
         "tax":0.15
      }
   },
   {
      "model":"gql.service",
      "pk":21,
      "fields":{
         "type":1,
         "country_code":"sg",
         "provider":1,
         "name":"Chitson Transport",
         "description":"",
         "unit":"pax",
         "min_quantity":50,
         "max_quantity":null,
         "cost":"1000.00",
         "markup":0.44,
         "tax":0.17
      }
   },
   {
      "model":"gql.service",
      "pk":22,
      "fields":{
         "type":1,
         "country_code":"sg",
         "provider":1,
         "name":"Beng Tat Transport",
         "description":"",
         "unit":"pax",
         "min_quantity":50,
         "max_quantity":null,
         "cost":"1000.00",
         "markup":0.54,
         "tax":0.06
      }
   },
   {
      "model":"gql.serviceimage",
      "pk":1,
      "fields":{
         "url":"https://storage.cloud.google.com/eventbuilder-media/sylvia.png",
         "service":1
      }
   },
   {
      "model":"gql.serviceimage",
      "pk":2,
      "fields":{
         "url":"https://storage.cloud.google.com/eventbuilder-media/sylvia.jpg",
         "service":1
      }
   },
   {
      "model":"gql.serviceimage",
      "pk":3,
      "fields":{
         "url":"https://storage.cloud.google.com/eventbuilder-media/emcee.jpg",
         "service":1
      }
   },
   {
      "model":"gql.serviceimage",
      "pk":4,
      "fields":{
         "url":"https://storage.cloud.google.com/eventbuilder-media/mic.jpg",
         "service":1
      }
   },
   {
      "model":"gql.eventtype",
      "pk":1,
      "fields":{
         "name":"Team Building",
         "image_url":"https://storage.googleapis.com/eventbuilder-media/-KLCxKjpe6DAAOg7pK9F0odLNgQOCP_HK3h-zFL34rOjTm7BAq6bP4TWqdlgdX-3",
         "service_types":[
            2,
            3
         ],
         "countries":[
            "sg"
         ]
      }
   },
   {
      "model":"gql.eventtype",
      "pk":2,
      "fields":{
         "name":"Learning Journey",
         "image_url":"https://storage.googleapis.com/eventbuilder-media/7GIdhnvhPT1I-nqXb7iyuo_XHhZKKIgjGsgtHVK4s-_MV0oQW3ZrCT1ER6op5pKH",
         "service_types":[
            1,
            2
         ],
         "countries":[
            "sg"
         ]
      }
   },
   {
      "model":"gql.eventtype",
      "pk":3,
      "fields":{
         "name":"Trade Shows",
         "image_url":"https://storage.googleapis.com/eventbuilder-media/5_bH1Sb3900qSscuBmjnEPxXw5y6j_rwitfzrE_-ocr77p2k8nYInMf5K-QkGXFX",
         "service_types":[
            1,
            2
         ],
         "countries":[
            "sg"
         ]
      }
   },
   {
      "model":"gql.eventtype",
      "pk":4,
      "fields":{
         "name":"Family Day",
         "image_url":"https://storage.googleapis.com/eventbuilder-media/bSNHa3YJZl_ijrKvPyvMWwJupDZy8wfl9gdEcUPPdCjXqTOhqM9IxkdIGqJx0j8b",
         "service_types":[
            1,
            2,
            3,
            14
         ],
         "countries":[
            "sg"
         ]
      }
   },
   {
      "model":"gql.eventtype",
      "pk":5,
      "fields":{
         "name":"Dinner & Dance",
         "image_url":"https://storage.googleapis.com/eventbuilder-media/DpRDQfOGZ9ndAKSxjkR3rHrj7mTfHKHxIdlfgT4emwBk4NKWrgHd5BGOdDEpdzgA",
         "service_types":[
            1,
            2
         ],
         "countries":[
            "sg"
         ]
      }
   },
   {
      "model":"gql.eventtype",
      "pk":6,
      "fields":{
         "name":"Networking Events",
         "image_url":"https://storage.googleapis.com/eventbuilder-media/q-80ch7n6rbxxAY7w01-39fThgGlsGZQ9SQNtPLjTKltONtUKI-VAPCtPe7fXQ_L",
         "service_types":[
            1,
            2
         ],
         "countries":[
            "sg"
         ]
      }
   },
   {
      "model":"gql.agreement",
      "pk":1,
      "fields":{
         "service":1,
         "event":"pokemon-event",
         "note":"",
         "price":350,
         "amount":2
      }
   },
   {
      "model":"gql.agreement",
      "pk":2,
      "fields":{
         "service":3,
         "event":"pokemon-event",
         "note":"",
         "price":500,
         "amount":3
      }
   },
   {
      "model":"gql.agreement",
      "pk":3,
      "fields":{
         "service":5,
         "event":"pokemon-event",
         "note":"",
         "price":280,
         "amount":7
      }
   },
   {
      "model":"gql.agreement",
      "pk":4,
      "fields":{
         "service":13,
         "event":"pokemon-event",
         "note":"",
         "price":5800,
         "amount":550
      }
   },
   {
      "model":"gql.agreement",
      "pk":5,
      "fields":{
         "service":16,
         "event":"pokemon-event",
         "note":"",
         "price":3800,
         "amount":300
      }
   },
   {
      "model":"gql.agreement",
      "pk":6,
      "fields":{
         "service":3,
         "event":"MrpE7hhjBP2LTMKMwJKEknlctWQwFm9SWxQYm541PEORMtdf68PmzR634EsbWrZc",
         "note":"",
         "price":120,
         "amount":1
      }
   },
   {
      "model":"gql.agreement",
      "pk":7,
      "fields":{
         "service":1,
         "event":"MrpE7hhjBP2LTMKMwJKEknlctWQwFm9SWxQYm541PEORMtdf68PmzR634EsbWrZc",
         "note":"",
         "price":170,
         "amount":1
      }
   },
   {
      "model":"gql.agreement",
      "pk":8,
      "fields":{
         "service":7,
         "event":"MrpE7hhjBP2LTMKMwJKEknlctWQwFm9SWxQYm541PEORMtdf68PmzR634EsbWrZc",
         "note":"",
         "price":270,
         "amount":1
      }
   },
   {
      "model":"gql.curatedevent",
      "pk":1,
      "fields":{
         "name":"Fun filled Family day",
         "type":4,
         "country":"sg",
         "visibility":true,
         "description":"",
         "price":"2000.00",
         "pax":50,
         "duration":"04:00:00"
      }
   },
   {
      "model":"gql.curatedevent",
      "pk":2,
      "fields":{
         "name":"Tomorrowland Dinner and Dance",
         "type":5,
         "country":"sg",
         "visibility":true,
         "description":"",
         "price":"10000.00",
         "pax":400,
         "duration":"06:00:00"
      }
   },
   {
      "model":"gql.curatedevent",
      "pk":3,
      "fields":{
         "name":"The World of Magic - Dinner and Dance",
         "type":5,
         "country":"sg",
         "visibility":true,
         "description":"",
         "price":"10000.00",
         "pax":400,
         "duration":"06:00:00"
      }
   },
   {
      "model":"gql.curatedevent",
      "pk":4,
      "fields":{
         "name":"Coachella - Dinner and Dance",
         "type":5,
         "country":"sg",
         "visibility":true,
         "description":"",
         "price":"12000.00",
         "pax":500,
         "duration":"06:00:00"
      }
   },
   {
      "model":"gql.curatedevent",
      "pk":5,
      "fields":{
         "name":"Family Day Carnival",
         "type":4,
         "country":"sg",
         "visibility":true,
         "description":"",
         "price":"6000.00",
         "pax":200,
         "duration":"04:00:00"
      }
   },
   {
      "model":"gql.curatedeventimage",
      "pk":4,
      "fields":{
         "url":"https://storage.cloud.google.com/eventbuilder-media/family-day2.jpg",
         "curated_event":1
      }
   },
   {
      "model":"gql.curatedeventimage",
      "pk":5,
      "fields":{
         "url":"https://storage.cloud.google.com/eventbuilder-media/family-day-1.png",
         "curated_event":1
      }
   },
   {
      "model":"gql.curatedeventimage",
      "pk":6,
      "fields":{
         "url":"https://storage.cloud.google.com/eventbuilder-media/family%20carnival.jpg",
         "curated_event":1
      }
   },
   {
      "model":"gql.curatedagreement",
      "pk":1,
      "fields":{
         "service":1,
         "curated_event":1,
         "quantity":55
      }
   },
   {
      "model":"gql.curatedagreement",
      "pk":2,
      "fields":{
         "service":22,
         "curated_event":1,
         "quantity":100
      }
   },
   {
      "model":"auth.permission",
      "pk":1,
      "fields":{
         "name":"Can add log entry",
         "content_type":1,
         "codename":"add_logentry"
      }
   },
   {
      "model":"auth.permission",
      "pk":2,
      "fields":{
         "name":"Can change log entry",
         "content_type":1,
         "codename":"change_logentry"
      }
   },
   {
      "model":"auth.permission",
      "pk":3,
      "fields":{
         "name":"Can delete log entry",
         "content_type":1,
         "codename":"delete_logentry"
      }
   },
   {
      "model":"auth.permission",
      "pk":4,
      "fields":{
         "name":"Can view log entry",
         "content_type":1,
         "codename":"view_logentry"
      }
   },
   {
      "model":"auth.permission",
      "pk":5,
      "fields":{
         "name":"Can add permission",
         "content_type":2,
         "codename":"add_permission"
      }
   },
   {
      "model":"auth.permission",
      "pk":6,
      "fields":{
         "name":"Can change permission",
         "content_type":2,
         "codename":"change_permission"
      }
   },
   {
      "model":"auth.permission",
      "pk":7,
      "fields":{
         "name":"Can delete permission",
         "content_type":2,
         "codename":"delete_permission"
      }
   },
   {
      "model":"auth.permission",
      "pk":8,
      "fields":{
         "name":"Can view permission",
         "content_type":2,
         "codename":"view_permission"
      }
   },
   {
      "model":"auth.permission",
      "pk":9,
      "fields":{
         "name":"Can add group",
         "content_type":3,
         "codename":"add_group"
      }
   },
   {
      "model":"auth.permission",
      "pk":10,
      "fields":{
         "name":"Can change group",
         "content_type":3,
         "codename":"change_group"
      }
   },
   {
      "model":"auth.permission",
      "pk":11,
      "fields":{
         "name":"Can delete group",
         "content_type":3,
         "codename":"delete_group"
      }
   },
   {
      "model":"auth.permission",
      "pk":12,
      "fields":{
         "name":"Can view group",
         "content_type":3,
         "codename":"view_group"
      }
   },
   {
      "model":"auth.permission",
      "pk":13,
      "fields":{
         "name":"Can add content type",
         "content_type":4,
         "codename":"add_contenttype"
      }
   },
   {
      "model":"auth.permission",
      "pk":14,
      "fields":{
         "name":"Can change content type",
         "content_type":4,
         "codename":"change_contenttype"
      }
   },
   {
      "model":"auth.permission",
      "pk":15,
      "fields":{
         "name":"Can delete content type",
         "content_type":4,
         "codename":"delete_contenttype"
      }
   },
   {
      "model":"auth.permission",
      "pk":16,
      "fields":{
         "name":"Can view content type",
         "content_type":4,
         "codename":"view_contenttype"
      }
   },
   {
      "model":"auth.permission",
      "pk":17,
      "fields":{
         "name":"Can add session",
         "content_type":5,
         "codename":"add_session"
      }
   },
   {
      "model":"auth.permission",
      "pk":18,
      "fields":{
         "name":"Can change session",
         "content_type":5,
         "codename":"change_session"
      }
   },
   {
      "model":"auth.permission",
      "pk":19,
      "fields":{
         "name":"Can delete session",
         "content_type":5,
         "codename":"delete_session"
      }
   },
   {
      "model":"auth.permission",
      "pk":20,
      "fields":{
         "name":"Can view session",
         "content_type":5,
         "codename":"view_session"
      }
   },
   {
      "model":"auth.permission",
      "pk":21,
      "fields":{
         "name":"Can add Token",
         "content_type":6,
         "codename":"add_token"
      }
   },
   {
      "model":"auth.permission",
      "pk":22,
      "fields":{
         "name":"Can change Token",
         "content_type":6,
         "codename":"change_token"
      }
   },
   {
      "model":"auth.permission",
      "pk":23,
      "fields":{
         "name":"Can delete Token",
         "content_type":6,
         "codename":"delete_token"
      }
   },
   {
      "model":"auth.permission",
      "pk":24,
      "fields":{
         "name":"Can view Token",
         "content_type":6,
         "codename":"view_token"
      }
   },
   {
      "model":"auth.permission",
      "pk":25,
      "fields":{
         "name":"Can add user",
         "content_type":7,
         "codename":"add_user"
      }
   },
   {
      "model":"auth.permission",
      "pk":26,
      "fields":{
         "name":"Can change user",
         "content_type":7,
         "codename":"change_user"
      }
   },
   {
      "model":"auth.permission",
      "pk":27,
      "fields":{
         "name":"Can delete user",
         "content_type":7,
         "codename":"delete_user"
      }
   },
   {
      "model":"auth.permission",
      "pk":28,
      "fields":{
         "name":"Can view user",
         "content_type":7,
         "codename":"view_user"
      }
   },
   {
      "model":"auth.permission",
      "pk":29,
      "fields":{
         "name":"Can add country",
         "content_type":8,
         "codename":"add_country"
      }
   },
   {
      "model":"auth.permission",
      "pk":30,
      "fields":{
         "name":"Can change country",
         "content_type":8,
         "codename":"change_country"
      }
   },
   {
      "model":"auth.permission",
      "pk":31,
      "fields":{
         "name":"Can delete country",
         "content_type":8,
         "codename":"delete_country"
      }
   },
   {
      "model":"auth.permission",
      "pk":32,
      "fields":{
         "name":"Can view country",
         "content_type":8,
         "codename":"view_country"
      }
   },
   {
      "model":"auth.permission",
      "pk":33,
      "fields":{
         "name":"Can add curated agreement",
         "content_type":9,
         "codename":"add_curatedagreement"
      }
   },
   {
      "model":"auth.permission",
      "pk":34,
      "fields":{
         "name":"Can change curated agreement",
         "content_type":9,
         "codename":"change_curatedagreement"
      }
   },
   {
      "model":"auth.permission",
      "pk":35,
      "fields":{
         "name":"Can delete curated agreement",
         "content_type":9,
         "codename":"delete_curatedagreement"
      }
   },
   {
      "model":"auth.permission",
      "pk":36,
      "fields":{
         "name":"Can view curated agreement",
         "content_type":9,
         "codename":"view_curatedagreement"
      }
   },
   {
      "model":"auth.permission",
      "pk":37,
      "fields":{
         "name":"Can add service type",
         "content_type":10,
         "codename":"add_servicetype"
      }
   },
   {
      "model":"auth.permission",
      "pk":38,
      "fields":{
         "name":"Can change service type",
         "content_type":10,
         "codename":"change_servicetype"
      }
   },
   {
      "model":"auth.permission",
      "pk":39,
      "fields":{
         "name":"Can delete service type",
         "content_type":10,
         "codename":"delete_servicetype"
      }
   },
   {
      "model":"auth.permission",
      "pk":40,
      "fields":{
         "name":"Can view service type",
         "content_type":10,
         "codename":"view_servicetype"
      }
   },
   {
      "model":"auth.permission",
      "pk":41,
      "fields":{
         "name":"Can add service",
         "content_type":11,
         "codename":"add_service"
      }
   },
   {
      "model":"auth.permission",
      "pk":42,
      "fields":{
         "name":"Can change service",
         "content_type":11,
         "codename":"change_service"
      }
   },
   {
      "model":"auth.permission",
      "pk":43,
      "fields":{
         "name":"Can delete service",
         "content_type":11,
         "codename":"delete_service"
      }
   },
   {
      "model":"auth.permission",
      "pk":44,
      "fields":{
         "name":"Can view service",
         "content_type":11,
         "codename":"view_service"
      }
   },
   {
      "model":"auth.permission",
      "pk":45,
      "fields":{
         "name":"Can add price structure",
         "content_type":12,
         "codename":"add_pricestructure"
      }
   },
   {
      "model":"auth.permission",
      "pk":46,
      "fields":{
         "name":"Can change price structure",
         "content_type":12,
         "codename":"change_pricestructure"
      }
   },
   {
      "model":"auth.permission",
      "pk":47,
      "fields":{
         "name":"Can delete price structure",
         "content_type":12,
         "codename":"delete_pricestructure"
      }
   },
   {
      "model":"auth.permission",
      "pk":48,
      "fields":{
         "name":"Can view price structure",
         "content_type":12,
         "codename":"view_pricestructure"
      }
   },
   {
      "model":"auth.permission",
      "pk":49,
      "fields":{
         "name":"Can add event type",
         "content_type":13,
         "codename":"add_eventtype"
      }
   },
   {
      "model":"auth.permission",
      "pk":50,
      "fields":{
         "name":"Can change event type",
         "content_type":13,
         "codename":"change_eventtype"
      }
   },
   {
      "model":"auth.permission",
      "pk":51,
      "fields":{
         "name":"Can delete event type",
         "content_type":13,
         "codename":"delete_eventtype"
      }
   },
   {
      "model":"auth.permission",
      "pk":52,
      "fields":{
         "name":"Can view event type",
         "content_type":13,
         "codename":"view_eventtype"
      }
   },
   {
      "model":"auth.permission",
      "pk":53,
      "fields":{
         "name":"Can add event",
         "content_type":14,
         "codename":"add_event"
      }
   },
   {
      "model":"auth.permission",
      "pk":54,
      "fields":{
         "name":"Can change event",
         "content_type":14,
         "codename":"change_event"
      }
   },
   {
      "model":"auth.permission",
      "pk":55,
      "fields":{
         "name":"Can delete event",
         "content_type":14,
         "codename":"delete_event"
      }
   },
   {
      "model":"auth.permission",
      "pk":56,
      "fields":{
         "name":"Can view event",
         "content_type":14,
         "codename":"view_event"
      }
   },
   {
      "model":"auth.permission",
      "pk":57,
      "fields":{
         "name":"Can add curated event",
         "content_type":15,
         "codename":"add_curatedevent"
      }
   },
   {
      "model":"auth.permission",
      "pk":58,
      "fields":{
         "name":"Can change curated event",
         "content_type":15,
         "codename":"change_curatedevent"
      }
   },
   {
      "model":"auth.permission",
      "pk":59,
      "fields":{
         "name":"Can delete curated event",
         "content_type":15,
         "codename":"delete_curatedevent"
      }
   },
   {
      "model":"auth.permission",
      "pk":60,
      "fields":{
         "name":"Can view curated event",
         "content_type":15,
         "codename":"view_curatedevent"
      }
   },
   {
      "model":"auth.permission",
      "pk":61,
      "fields":{
         "name":"Can add agreement",
         "content_type":16,
         "codename":"add_agreement"
      }
   },
   {
      "model":"auth.permission",
      "pk":62,
      "fields":{
         "name":"Can change agreement",
         "content_type":16,
         "codename":"change_agreement"
      }
   },
   {
      "model":"auth.permission",
      "pk":63,
      "fields":{
         "name":"Can delete agreement",
         "content_type":16,
         "codename":"delete_agreement"
      }
   },
   {
      "model":"auth.permission",
      "pk":64,
      "fields":{
         "name":"Can view agreement",
         "content_type":16,
         "codename":"view_agreement"
      }
   },
   {
      "model":"auth.permission",
      "pk":65,
      "fields":{
         "name":"Can add provider",
         "content_type":17,
         "codename":"add_provider"
      }
   },
   {
      "model":"auth.permission",
      "pk":66,
      "fields":{
         "name":"Can change provider",
         "content_type":17,
         "codename":"change_provider"
      }
   },
   {
      "model":"auth.permission",
      "pk":67,
      "fields":{
         "name":"Can delete provider",
         "content_type":17,
         "codename":"delete_provider"
      }
   },
   {
      "model":"auth.permission",
      "pk":68,
      "fields":{
         "name":"Can view provider",
         "content_type":17,
         "codename":"view_provider"
      }
   },
   {
      "model":"auth.permission",
      "pk":69,
      "fields":{
         "name":"Can add service image",
         "content_type":18,
         "codename":"add_serviceimage"
      }
   },
   {
      "model":"auth.permission",
      "pk":70,
      "fields":{
         "name":"Can change service image",
         "content_type":18,
         "codename":"change_serviceimage"
      }
   },
   {
      "model":"auth.permission",
      "pk":71,
      "fields":{
         "name":"Can delete service image",
         "content_type":18,
         "codename":"delete_serviceimage"
      }
   },
   {
      "model":"auth.permission",
      "pk":72,
      "fields":{
         "name":"Can view service image",
         "content_type":18,
         "codename":"view_serviceimage"
      }
   },
   {
      "model":"auth.permission",
      "pk":73,
      "fields":{
         "name":"Can add curated event image",
         "content_type":19,
         "codename":"add_curatedeventimage"
      }
   },
   {
      "model":"auth.permission",
      "pk":74,
      "fields":{
         "name":"Can change curated event image",
         "content_type":19,
         "codename":"change_curatedeventimage"
      }
   },
   {
      "model":"auth.permission",
      "pk":75,
      "fields":{
         "name":"Can delete curated event image",
         "content_type":19,
         "codename":"delete_curatedeventimage"
      }
   },
   {
      "model":"auth.permission",
      "pk":76,
      "fields":{
         "name":"Can view curated event image",
         "content_type":19,
         "codename":"view_curatedeventimage"
      }
   },
   {
      "model":"auth.group",
      "pk":1,
      "fields":{
         "name":"Admin",
         "permissions":[

         ]
      }
   },
   {
      "model":"auth.group",
      "pk":2,
      "fields":{
         "name":"Client",
         "permissions":[

         ]
      }
   },
   {
      "model":"gql.user",
      "pk":1,
      "fields":{
         "password":"pbkdf2_sha256$150000$9gdcoGm0KgZt$n8PMZ9SXt2W+MdsL2H+3fWhqZYfJtxvcBYNVPTXCI/M=",
         "last_login":"2019-10-26T00:57:31.134Z",
         "is_superuser":true,
         "first_name":"",
         "last_name":"",
         "is_staff":true,
         "is_active":true,
         "date_joined":"2019-10-10T06:16:18Z",
         "email":"root@root.root",
         "phone_number":"92839183",
         "username":"root",
         "name":"",
         "groups":[
            1
         ],
         "user_permissions":[

         ],
         "countries":[

         ]
      }
   },
   {
      "model":"gql.user",
      "pk":2,
      "fields":{
         "password":"!f0lOCmwhwtFAcz6DNyNh8YPkb2gYAKidx7hwexlg",
         "last_login":null,
         "is_superuser":false,
         "first_name":"",
         "last_name":"",
         "is_staff":false,
         "is_active":true,
         "date_joined":"2019-10-23T15:29:13Z",
         "email":"eventbuilder.adm@gmail.com",
         "phone_number":"93728847",
         "username":"GXfH7WcgLJaPHFGbjToXN9E32po2",
         "name":"",
         "groups":[
            1
         ],
         "user_permissions":[

         ],
         "countries":[
            "sg"
         ]
      }
   },
   {
      "model":"gql.user",
      "pk":3,
      "fields":{
         "password":"!22FhewiorP8IqdEvtHE7KW0UFPOpVHRCemQfR5eg",
         "last_login":null,
         "is_superuser":false,
         "first_name":"",
         "last_name":"",
         "is_staff":false,
         "is_active":true,
         "date_joined":"2019-10-24T12:52:59.443Z",
         "email":"kjunwei1996@gmail.com",
         "phone_number":"95726541",
         "username":"3JWm5BYB8bVjYYhLhAwpKKUcS8D2",
         "name":"",
         "groups":[

         ],
         "user_permissions":[

         ],
         "countries":[
            "sg"
         ]
      }
   },
   {
      "model":"gql.user",
      "pk":4,
      "fields":{
         "password":"!2iLCh3FMW87Wy0PGhYralh1LpJYn0pNZK9dD1UGs",
         "last_login":null,
         "is_superuser":false,
         "first_name":"",
         "last_name":"",
         "is_staff":false,
         "is_active":true,
         "date_joined":"2019-10-25T17:06:02.134Z",
         "email":"kohchihao@gmail.com",
         "phone_number":"92740276",
         "username":"YI1Q61QN0dXaZOnnW0UlmNYuubm2",
         "name":"CHI HAO KOH",
         "groups":[

         ],
         "user_permissions":[

         ],
         "countries":[
            "sg"
         ]
      }
   },
   {
      "model":"gql.event",
      "pk":"genesis",
      "fields":{
         "created_at":"2019-10-24T12:23:14.935Z",
         "owner":1,
         "type":1,
         "status":"PENDING",
         "parent":"genesis",
         "curated_event":1,
         "duration":"04:00:00",
         "date":"2019-10-14T04:25:12Z",
         "attendees":0
      }
   },
   {
      "model":"gql.event",
      "pk":"MrpE7hhjBP2LTMKMwJKEknlctWQwFm9SWxQYm541PEORMtdf68PmzR634EsbWrZc",
      "fields":{
         "created_at":"2019-10-24T12:23:14.935Z",
         "owner":1,
         "type":2,
         "status":"PENDING",
         "parent":"genesis",
         "curated_event":1,
         "duration":"04:00:00",
         "date":"2019-10-19T06:09:40Z",
         "attendees":256
      }
   },
   {
      "model":"gql.event",
      "pk":"pokemon-event",
      "fields":{
         "created_at":"2019-10-24T12:23:14.935Z",
         "owner":1,
         "type":1,
         "status":"PENDING",
         "parent":"genesis",
         "curated_event":1,
         "duration":"04:00:00",
         "date":"2019-10-14T05:25:12Z",
         "attendees":512
      }
   },
   {
      "model":"authtoken.token",
      "pk":"3dbd9c22c95f14bd983adf968e159f875d4e567e",
      "fields":{
         "user":4,
         "created":"2019-10-25T17:06:02.156Z"
      }
   },
   {
      "model":"authtoken.token",
      "pk":"d34b6386b6109b2e493bcaff0a3842f3705867d3",
      "fields":{
         "user":3,
         "created":"2019-10-24T12:52:59.465Z"
      }
   },
   {
      "model":"admin.logentry",
      "pk":1,
      "fields":{
         "action_time":"2019-10-23T15:48:39.136Z",
         "user":1,
         "content_type":7,
         "object_id":"1",
         "object_repr":", root@root.root",
         "action_flag":2,
         "change_message":"[{\"changed\": {\"fields\": [\"groups\"]}}]"
      }
   },
   {
      "model":"admin.logentry",
      "pk":2,
      "fields":{
         "action_time":"2019-10-23T15:51:47.418Z",
         "user":1,
         "content_type":7,
         "object_id":"2",
         "object_repr":", eventbuilder.adm@gmail.com",
         "action_flag":2,
         "change_message":"[{\"changed\": {\"fields\": [\"groups\"]}}]"
      }
   },
   {
      "model":"admin.logentry",
      "pk":3,
      "fields":{
         "action_time":"2019-10-23T15:51:55.521Z",
         "user":1,
         "content_type":7,
         "object_id":"2",
         "object_repr":", eventbuilder.adm@gmail.com",
         "action_flag":2,
         "change_message":"[]"
      }
   },
   {
      "model":"admin.logentry",
      "pk":4,
      "fields":{
         "action_time":"2019-10-24T13:00:52.588Z",
         "user":1,
         "content_type":10,
         "object_id":"18",
         "object_repr":"Professional Services",
         "action_flag":3,
         "change_message":""
      }
   },
   {
      "model":"admin.logentry",
      "pk":5,
      "fields":{
         "action_time":"2019-10-24T13:00:52.592Z",
         "user":1,
         "content_type":10,
         "object_id":"17",
         "object_repr":"Professional Services",
         "action_flag":3,
         "change_message":""
      }
   },
   {
      "model":"admin.logentry",
      "pk":6,
      "fields":{
         "action_time":"2019-10-24T13:00:52.595Z",
         "user":1,
         "content_type":10,
         "object_id":"16",
         "object_repr":"Professional Services",
         "action_flag":3,
         "change_message":""
      }
   },
   {
      "model":"admin.logentry",
      "pk":7,
      "fields":{
         "action_time":"2019-10-25T13:15:35.169Z",
         "user":1,
         "content_type":11,
         "object_id":"1",
         "object_repr":"Sylvia Tham: Singapore",
         "action_flag":2,
         "change_message":"[{\"changed\": {\"fields\": [\"unit\"]}}]"
      }
   },
   {
      "model":"admin.logentry",
      "pk":8,
      "fields":{
         "action_time":"2019-10-25T13:15:43.796Z",
         "user":1,
         "content_type":11,
         "object_id":"2",
         "object_repr":"Wayne Chan: Singapore",
         "action_flag":2,
         "change_message":"[{\"changed\": {\"fields\": [\"description\", \"unit\"]}}]"
      }
   },
   {
      "model":"admin.logentry",
      "pk":9,
      "fields":{
         "action_time":"2019-10-25T13:15:52.978Z",
         "user":1,
         "content_type":11,
         "object_id":"3",
         "object_repr":"DJ Jade Rasif: Singapore",
         "action_flag":2,
         "change_message":"[{\"changed\": {\"fields\": [\"unit\"]}}]"
      }
   },
   {
      "model":"admin.logentry",
      "pk":10,
      "fields":{
         "action_time":"2019-10-25T13:16:04.814Z",
         "user":1,
         "content_type":11,
         "object_id":"4",
         "object_repr":"TOM DeVOE: Singapore",
         "action_flag":2,
         "change_message":"[{\"changed\": {\"fields\": [\"unit\"]}}]"
      }
   },
   {
      "model":"admin.logentry",
      "pk":11,
      "fields":{
         "action_time":"2019-10-25T13:16:11.898Z",
         "user":1,
         "content_type":11,
         "object_id":"5",
         "object_repr":"Lady Aga Aga: Singapore",
         "action_flag":2,
         "change_message":"[{\"changed\": {\"fields\": [\"unit\"]}}]"
      }
   },
   {
      "model":"admin.logentry",
      "pk":12,
      "fields":{
         "action_time":"2019-10-25T13:16:19.871Z",
         "user":1,
         "content_type":11,
         "object_id":"6",
         "object_repr":"Resorts World Sentosa: Singapore",
         "action_flag":2,
         "change_message":"[{\"changed\": {\"fields\": [\"description\", \"unit\"]}}]"
      }
   },
   {
      "model":"admin.logentry",
      "pk":13,
      "fields":{
         "action_time":"2019-10-25T13:16:31.263Z",
         "user":1,
         "content_type":11,
         "object_id":"7",
         "object_repr":"Marina Bay Sands: Singapore",
         "action_flag":2,
         "change_message":"[{\"changed\": {\"fields\": [\"unit\"]}}]"
      }
   },
   {
      "model":"admin.logentry",
      "pk":14,
      "fields":{
         "action_time":"2019-10-25T13:16:38.788Z",
         "user":1,
         "content_type":11,
         "object_id":"8",
         "object_repr":"Face Painting: Singapore",
         "action_flag":2,
         "change_message":"[{\"changed\": {\"fields\": [\"unit\"]}}]"
      }
   },
   {
      "model":"admin.logentry",
      "pk":15,
      "fields":{
         "action_time":"2019-10-26T01:36:55.312Z",
         "user":1,
         "content_type":11,
         "object_id":"23",
         "object_repr":"test: Singapore",
         "action_flag":3,
         "change_message":""
      }
   }
]